<?xml version="1.0" encoding="UTF-8"?>
<configuration>

    <property name="HOME_LOG" value="logs/app.log"/>

    <appender name="FILE-ROLLING" class="ch.qos.logback.core.rolling.RollingFileAppender">
     <filter class="ch.qos.logback.classic.filter.ThresholdFilter">
     <level>trace</level>
     </filter>
        <file>${HOME_LOG}</file>

        <rollingPolicy class="ch.qos.logback.core.rolling.SizeAndTimeBasedRollingPolicy">
            <fileNamePattern>logs/archived/app.%d{yyyy-MM-dd}.%i.log.gz</fileNamePattern>
            <!-- each archived file, size max 10MB -->
            <maxFileSize>10MB</maxFileSize>
            <!-- total size of all archive files, if total size > 20GB, it will delete old archived file -->
            <totalSizeCap>20GB</totalSizeCap>
            <!-- 60 days to keep -->
            <maxHistory>60</maxHistory>
        </rollingPolicy>

        <encoder>
            <pattern>%d %p %c{1.} [%t] %m%n</pattern>
        </encoder>
    </appender>

    <logger name="com.HomeController" level="trace" additivity="false">
        <appender-ref ref="FILE-ROLLING"/>
    </logger>

    <root level="info">
        <appender-ref ref="FILE-ROLLING"/>
    </root>
    
    <appender name="CONSOLE" class="ch.qos.logback.core.ConsoleAppender">
        <layout class="ch.qos.logback.classic.PatternLayout">
            <Pattern>
                %d{HH:mm:ss.SSS} [%t] %-5level %logger{36} - %msg%n
            </Pattern>
        </layout>
    </appender>

    <logger name="com.HomeController" level="trace" additivity="false">
        <appender-ref ref="CONSOLE"/>
    </logger>

    <root level="info">
        <appender-ref ref="CONSOLE"/>
    </root>

</configuration>